"","CheckoutYear","CheckoutMonth","MaterialType","Checkouts","Title","YrMon","date_full"
"1",2013,2,"BOOK",3,"Nineteen eighty-four / George Orwell ; with an introduction by Julian Symonds.",Feb 2013,2013-02-01
"2",2013,3,"BOOK",19,"Nineteen eighty-four / a novel by George Orwell ; with a foreword by Thomas Pynchon ; with an afterword by Erich Fromm.",Mar 2013,2013-03-01
"3",2013,3,"BOOK",8,"Nineteen eighty-four / George Orwell ; with an introduction by Julian Symonds.",Mar 2013,2013-03-01
"4",2013,4,"BOOK",5,"Nineteen eighty-four / George Orwell ; with an introduction by Julian Symonds.",Apr 2013,2013-04-01
"5",2013,4,"BOOK",14,"Nineteen eighty-four / a novel by George Orwell ; with a foreword by Thomas Pynchon ; with an afterword by Erich Fromm.",Apr 2013,2013-04-01
"6",2013,5,"BOOK",9,"Nineteen eighty-four / George Orwell ; with an introduction by Julian Symonds.",May 2013,2013-05-01
"7",2013,5,"BOOK",13,"Nineteen eighty-four / a novel by George Orwell ; with a foreword by Thomas Pynchon ; with an afterword by Erich Fromm.",May 2013,2013-05-01
"8",2013,6,"BOOK",22,"Nineteen eighty-four / a novel by George Orwell ; with a foreword by Thomas Pynchon ; with an afterword by Erich Fromm.",Jun 2013,2013-06-01
"9",2013,6,"BOOK",1,"Nineteen eighty-four [text (large print)] / George Orwell.",Jun 2013,2013-06-01
"10",2013,6,"BOOK",11,"Nineteen eighty-four / George Orwell ; with an introduction by Julian Symonds.",Jun 2013,2013-06-01
"11",2013,7,"BOOK",16,"Nineteen eighty-four / a novel by George Orwell ; with a foreword by Thomas Pynchon ; with an afterword by Erich Fromm.",Jul 2013,2013-07-01
"12",2013,7,"BOOK",9,"Nineteen eighty-four / George Orwell ; with an introduction by Julian Symonds.",Jul 2013,2013-07-01
"13",2013,8,"BOOK",18,"Nineteen eighty-four / a novel by George Orwell ; with a foreword by Thomas Pynchon ; with an afterword by Erich Fromm.",Aug 2013,2013-08-01
"14",2013,8,"BOOK",8,"Nineteen eighty-four / George Orwell ; with an introduction by Julian Symonds.",Aug 2013,2013-08-01
"15",2013,9,"BOOK",9,"Nineteen eighty-four / George Orwell ; with an introduction by Julian Symonds.",Sep 2013,2013-09-01
"16",2013,9,"BOOK",24,"Nineteen eighty-four / a novel by George Orwell ; with a foreword by Thomas Pynchon ; with an afterword by Erich Fromm.",Sep 2013,2013-09-01
"17",2013,10,"BOOK",22,"Nineteen eighty-four / a novel by George Orwell ; with a foreword by Thomas Pynchon ; with an afterword by Erich Fromm.",Oct 2013,2013-10-01
"18",2013,10,"BOOK",1,"Nineteen eighty-four [text (large print)] / George Orwell.",Oct 2013,2013-10-01
"19",2013,10,"BOOK",9,"Nineteen eighty-four / George Orwell ; with an introduction by Julian Symonds.",Oct 2013,2013-10-01
"20",2013,11,"BOOK",6,"Nineteen eighty-four / George Orwell ; with an introduction by Julian Symonds.",Nov 2013,2013-11-01
"21",2013,11,"BOOK",22,"Nineteen eighty-four / a novel by George Orwell ; with a foreword by Thomas Pynchon ; with an afterword by Erich Fromm.",Nov 2013,2013-11-01
"22",2013,12,"BOOK",14,"Nineteen eighty-four / a novel by George Orwell ; with a foreword by Thomas Pynchon ; with an afterword by Erich Fromm.",Dec 2013,2013-12-01
"23",2013,12,"BOOK",1,"Nineteen eighty-four [text (large print)] / George Orwell.",Dec 2013,2013-12-01
"24",2013,12,"BOOK",11,"Nineteen eighty-four / George Orwell ; with an introduction by Julian Symonds.",Dec 2013,2013-12-01
"25",2014,1,"BOOK",26,"Nineteen eighty-four / a novel by George Orwell ; with a foreword by Thomas Pynchon ; with an afterword by Erich Fromm.",Jan 2014,2014-01-01
"26",2014,1,"BOOK",5,"Nineteen eighty-four / George Orwell ; with an introduction by Julian Symonds.",Jan 2014,2014-01-01
"27",2014,2,"BOOK",9,"Nineteen eighty-four / George Orwell ; with an introduction by Julian Symonds.",Feb 2014,2014-02-01
"28",2014,2,"BOOK",11,"Nineteen eighty-four / a novel by George Orwell ; with a foreword by Thomas Pynchon ; with an afterword by Erich Fromm.",Feb 2014,2014-02-01
"29",2014,3,"BOOK",22,"Nineteen eighty-four / a novel by George Orwell ; with a foreword by Thomas Pynchon ; with an afterword by Erich Fromm.",Mar 2014,2014-03-01
"30",2014,3,"BOOK",13,"Nineteen eighty-four / George Orwell ; with an introduction by Julian Symonds.",Mar 2014,2014-03-01
"31",2014,4,"BOOK",18,"Nineteen eighty-four / a novel by George Orwell ; with a foreword by Thomas Pynchon ; with an afterword by Erich Fromm.",Apr 2014,2014-04-01
"32",2014,4,"BOOK",3,"Nineteen eighty-four / George Orwell ; with an introduction by Julian Symonds.",Apr 2014,2014-04-01
"33",2014,5,"BOOK",9,"Nineteen eighty-four / George Orwell ; with an introduction by Julian Symonds.",May 2014,2014-05-01
"34",2014,5,"BOOK",17,"Nineteen eighty-four / a novel by George Orwell ; with a foreword by Thomas Pynchon ; with an afterword by Erich Fromm.",May 2014,2014-05-01
"35",2014,6,"BOOK",8,"Nineteen eighty-four / George Orwell ; with an introduction by Julian Symonds.",Jun 2014,2014-06-01
"36",2014,6,"BOOK",18,"Nineteen eighty-four / a novel by George Orwell ; with a foreword by Thomas Pynchon ; with an afterword by Erich Fromm.",Jun 2014,2014-06-01
"37",2014,7,"BOOK",7,"Nineteen eighty-four / George Orwell ; with an introduction by Julian Symonds.",Jul 2014,2014-07-01
"38",2014,7,"BOOK",20,"Nineteen eighty-four / a novel by George Orwell ; with a foreword by Thomas Pynchon ; with an afterword by Erich Fromm.",Jul 2014,2014-07-01
"39",2014,8,"BOOK",14,"Nineteen eighty-four / a novel by George Orwell ; with a foreword by Thomas Pynchon ; with an afterword by Erich Fromm.",Aug 2014,2014-08-01
"40",2014,8,"BOOK",9,"Nineteen eighty-four / George Orwell ; with an introduction by Julian Symonds.",Aug 2014,2014-08-01
"41",2014,9,"BOOK",17,"Nineteen eighty-four / a novel by George Orwell ; with a foreword by Thomas Pynchon ; with an afterword by Erich Fromm.",Sep 2014,2014-09-01
"42",2014,9,"BOOK",5,"Nineteen eighty-four / George Orwell ; with an introduction by Julian Symonds.",Sep 2014,2014-09-01
"43",2014,10,"BOOK",1,"Nineteen eighty-four [text (large print)] / George Orwell.",Oct 2014,2014-10-01
"44",2014,10,"BOOK",16,"Nineteen eighty-four / a novel by George Orwell ; with a foreword by Thomas Pynchon ; with an afterword by Erich Fromm.",Oct 2014,2014-10-01
"45",2014,10,"BOOK",11,"Nineteen eighty-four / George Orwell ; with an introduction by Julian Symonds.",Oct 2014,2014-10-01
"46",2014,11,"BOOK",5,"Nineteen eighty-four / George Orwell ; with an introduction by Julian Symonds.",Nov 2014,2014-11-01
"47",2014,11,"BOOK",14,"Nineteen eighty-four / a novel by George Orwell ; with a foreword by Thomas Pynchon ; with an afterword by Erich Fromm.",Nov 2014,2014-11-01
"48",2014,12,"BOOK",15,"Nineteen eighty-four / George Orwell ; with an introduction by Julian Symonds.",Dec 2014,2014-12-01
"49",2014,12,"BOOK",11,"Nineteen eighty-four / a novel by George Orwell ; with a foreword by Thomas Pynchon ; with an afterword by Erich Fromm.",Dec 2014,2014-12-01
"50",2015,1,"BOOK",10,"Nineteen eighty-four / a novel by George Orwell ; with a foreword by Thomas Pynchon ; with an afterword by Erich Fromm.",Jan 2015,2015-01-01
"51",2015,1,"BOOK",11,"Nineteen eighty-four / George Orwell ; with an introduction by Julian Symonds.",Jan 2015,2015-01-01
"52",2015,2,"BOOK",6,"Nineteen eighty-four / a novel by George Orwell ; with a foreword by Thomas Pynchon ; with an afterword by Erich Fromm.",Feb 2015,2015-02-01
"53",2015,2,"BOOK",10,"Nineteen eighty-four / George Orwell ; with an introduction by Julian Symonds.",Feb 2015,2015-02-01
"54",2015,3,"BOOK",10,"Nineteen eighty-four / a novel by George Orwell ; with a foreword by Thomas Pynchon ; with an afterword by Erich Fromm.",Mar 2015,2015-03-01
"55",2015,3,"BOOK",13,"Nineteen eighty-four / George Orwell ; with an introduction by Julian Symonds.",Mar 2015,2015-03-01
"56",2015,4,"BOOK",1,"Nineteen eighty-four [text (large print)] / George Orwell.",Apr 2015,2015-04-01
"57",2015,4,"BOOK",9,"Nineteen eighty-four / a novel by George Orwell ; with a foreword by Thomas Pynchon ; with an afterword by Erich Fromm.",Apr 2015,2015-04-01
"58",2015,4,"BOOK",13,"Nineteen eighty-four / George Orwell ; with an introduction by Julian Symonds.",Apr 2015,2015-04-01
"59",2015,5,"BOOK",6,"Nineteen eighty-four / George Orwell ; with an introduction by Julian Symonds.",May 2015,2015-05-01
"60",2015,5,"BOOK",5,"Nineteen eighty-four / a novel by George Orwell ; with a foreword by Thomas Pynchon ; with an afterword by Erich Fromm.",May 2015,2015-05-01
"61",2015,6,"BOOK",9,"Nineteen eighty-four / a novel by George Orwell ; with a foreword by Thomas Pynchon ; with an afterword by Erich Fromm.",Jun 2015,2015-06-01
"62",2015,6,"BOOK",12,"Nineteen eighty-four / George Orwell ; with an introduction by Julian Symonds.",Jun 2015,2015-06-01
"63",2015,7,"BOOK",8,"Nineteen eighty-four / a novel by George Orwell ; with a foreword by Thomas Pynchon ; with an afterword by Erich Fromm.",Jul 2015,2015-07-01
"64",2015,7,"BOOK",1,"Nineteen eighty-four [text (large print)] / George Orwell.",Jul 2015,2015-07-01
"65",2015,7,"BOOK",18,"Nineteen eighty-four / George Orwell ; with an introduction by Julian Symonds.",Jul 2015,2015-07-01
"66",2015,8,"BOOK",13,"Nineteen eighty-four / George Orwell ; with an introduction by Julian Symonds.",Aug 2015,2015-08-01
"67",2015,8,"BOOK",9,"Nineteen eighty-four / a novel by George Orwell ; with a foreword by Thomas Pynchon ; with an afterword by Erich Fromm.",Aug 2015,2015-08-01
"68",2015,8,"BOOK",1,"Nineteen eighty-four [text (large print)] / George Orwell.",Aug 2015,2015-08-01
"69",2015,9,"BOOK",6,"Nineteen eighty-four / a novel by George Orwell ; with a foreword by Thomas Pynchon ; with an afterword by Erich Fromm.",Sep 2015,2015-09-01
"70",2015,9,"BOOK",12,"Nineteen eighty-four / George Orwell ; with an introduction by Julian Symonds.",Sep 2015,2015-09-01
"71",2015,10,"BOOK",8,"Nineteen eighty-four / a novel by George Orwell ; with a foreword by Thomas Pynchon ; with an afterword by Erich Fromm.",Oct 2015,2015-10-01
"72",2015,10,"BOOK",11,"Nineteen eighty-four / George Orwell ; with an introduction by Julian Symonds.",Oct 2015,2015-10-01
"73",2015,11,"BOOK",1,"Nineteen eighty-four [text (large print)] / George Orwell.",Nov 2015,2015-11-01
"74",2015,11,"BOOK",7,"Nineteen eighty-four / a novel by George Orwell ; with a foreword by Thomas Pynchon ; with an afterword by Erich Fromm.",Nov 2015,2015-11-01
"75",2015,11,"BOOK",9,"Nineteen eighty-four / George Orwell ; with an introduction by Julian Symonds.",Nov 2015,2015-11-01
"76",2015,12,"BOOK",16,"Nineteen eighty-four / a novel by George Orwell ; with a foreword by Thomas Pynchon ; with an afterword by Erich Fromm.",Dec 2015,2015-12-01
"77",2015,12,"BOOK",10,"Nineteen eighty-four / George Orwell ; with an introduction by Julian Symonds.",Dec 2015,2015-12-01
"78",2015,12,"BOOK",1,"Nineteen eighty-four [text (large print)] / George Orwell.",Dec 2015,2015-12-01
"79",2016,1,"BOOK",6,"Nineteen eighty-four / George Orwell ; with an introduction by Julian Symonds.",Jan 2016,2016-01-01
"80",2016,1,"BOOK",18,"Nineteen eighty-four / a novel by George Orwell ; with a foreword by Thomas Pynchon ; with an afterword by Erich Fromm.",Jan 2016,2016-01-01
"81",2016,2,"BOOK",2,"Yi jiu ba si = Nineteen eighty-four / [Ying] Qiaozhi, Aowei'er zhu ; Liu Shao-ming, yi.",Feb 2016,2016-02-01
"82",2016,2,"BOOK",12,"Nineteen eighty-four / a novel by George Orwell ; with a foreword by Thomas Pynchon ; with an afterword by Erich Fromm.",Feb 2016,2016-02-01
"83",2016,2,"BOOK",6,"Nineteen eighty-four / George Orwell ; with an introduction by Julian Symonds.",Feb 2016,2016-02-01
"84",2016,3,"BOOK",6,"Nineteen eighty-four / George Orwell ; with an introduction by Julian Symonds.",Mar 2016,2016-03-01
"85",2016,3,"BOOK",1,"Nineteen eighty-four [text (large print)] / George Orwell.",Mar 2016,2016-03-01
"86",2016,3,"BOOK",11,"Nineteen eighty-four / a novel by George Orwell ; with a foreword by Thomas Pynchon ; with an afterword by Erich Fromm.",Mar 2016,2016-03-01
"87",2016,4,"BOOK",1,"Nineteen eighty-four [text (large print)] / George Orwell.",Apr 2016,2016-04-01
"88",2016,4,"BOOK",9,"Nineteen eighty-four / a novel by George Orwell ; with a foreword by Thomas Pynchon ; with an afterword by Erich Fromm.",Apr 2016,2016-04-01
"89",2016,4,"BOOK",9,"Nineteen eighty-four / George Orwell ; with an introduction by Julian Symonds.",Apr 2016,2016-04-01
"90",2016,5,"BOOK",5,"Nineteen eighty-four / George Orwell ; with an introduction by Julian Symonds.",May 2016,2016-05-01
"91",2016,5,"BOOK",7,"Nineteen eighty-four / a novel by George Orwell ; with a foreword by Thomas Pynchon ; with an afterword by Erich Fromm.",May 2016,2016-05-01
"92",2016,6,"BOOK",1,"Yi jiu ba si, dong wu zhuang yuan : Zhong Ying dui zhao quan yi ben / [Ying] Qiaozhi Aoweier, zhu ; Sheng shi jiao yu xi fang ming zhu fan yi wei yuan hui, yi = Nineteen Eighty-four, animal farm / George Owell.",Jun 2016,2016-06-01
"93",2016,6,"BOOK",12,"Nineteen eighty-four / George Orwell ; with an introduction by Julian Symonds.",Jun 2016,2016-06-01
"94",2016,6,"BOOK",8,"Nineteen eighty-four / a novel by George Orwell ; with a foreword by Thomas Pynchon ; with an afterword by Erich Fromm.",Jun 2016,2016-06-01
"95",2016,7,"BOOK",11,"Nineteen eighty-four / George Orwell ; with an introduction by Julian Symonds.",Jul 2016,2016-07-01
"96",2016,7,"BOOK",11,"Nineteen eighty-four / a novel by George Orwell ; with a foreword by Thomas Pynchon ; with an afterword by Erich Fromm.",Jul 2016,2016-07-01
"97",2016,7,"BOOK",1,"Yi jiu ba si, dong wu zhuang yuan : Zhong Ying dui zhao quan yi ben / [Ying] Qiaozhi Aoweier, zhu ; Sheng shi jiao yu xi fang ming zhu fan yi wei yuan hui, yi = Nineteen Eighty-four, animal farm / George Owell.",Jul 2016,2016-07-01
"98",2016,8,"BOOK",10,"Nineteen eighty-four / George Orwell ; with an introduction by Julian Symonds.",Aug 2016,2016-08-01
"99",2016,8,"BOOK",8,"Nineteen eighty-four / a novel by George Orwell ; with a foreword by Thomas Pynchon ; with an afterword by Erich Fromm.",Aug 2016,2016-08-01
"100",2016,8,"BOOK",1,"Yi jiu ba si = Nineteen eighty-four / [Ying] Qiaozhi, Aowei'er zhu ; Liu Shao-ming, yi.",Aug 2016,2016-08-01
"101",2016,9,"BOOK",1,"Yi jiu ba si, dong wu zhuang yuan : Zhong Ying dui zhao quan yi ben / [Ying] Qiaozhi Aoweier, zhu ; Sheng shi jiao yu xi fang ming zhu fan yi wei yuan hui, yi = Nineteen Eighty-four, animal farm / George Owell.",Sep 2016,2016-09-01
"102",2016,9,"BOOK",5,"Nineteen eighty-four / a novel by George Orwell ; with a foreword by Thomas Pynchon ; with an afterword by Erich Fromm.",Sep 2016,2016-09-01
"103",2016,9,"BOOK",7,"Nineteen eighty-four / George Orwell ; with an introduction by Julian Symonds.",Sep 2016,2016-09-01
"104",2016,9,"BOOK",2,"Yi jiu ba si = Nineteen eighty-four / [Ying] Qiaozhi, Aowei'er zhu ; Liu Shao-ming, yi.",Sep 2016,2016-09-01
"105",2016,10,"BOOK",12,"Nineteen eighty-four / George Orwell ; with an introduction by Julian Symonds.",Oct 2016,2016-10-01
"106",2016,10,"BOOK",8,"Nineteen eighty-four / a novel by George Orwell ; with a foreword by Thomas Pynchon ; with an afterword by Erich Fromm.",Oct 2016,2016-10-01
"107",2016,11,"BOOK",6,"Nineteen eighty-four / a novel by George Orwell ; with a foreword by Thomas Pynchon ; with an afterword by Erich Fromm.",Nov 2016,2016-11-01
"108",2016,11,"BOOK",8,"Nineteen eighty-four / George Orwell ; with an introduction by Julian Symonds.",Nov 2016,2016-11-01
"109",2016,11,"BOOK",1,"Yi jiu ba si, dong wu zhuang yuan : Zhong Ying dui zhao quan yi ben / [Ying] Qiaozhi Aoweier, zhu ; Sheng shi jiao yu xi fang ming zhu fan yi wei yuan hui, yi = Nineteen Eighty-four, animal farm / George Owell.",Nov 2016,2016-11-01
"110",2016,12,"BOOK",1,"Yi jiu ba si = Nineteen eighty-four / [Ying] Qiaozhi, Aowei'er zhu ; Liu Shao-ming, yi.",Dec 2016,2016-12-01
"111",2016,12,"BOOK",1,"Yi jiu ba si, dong wu zhuang yuan : Zhong Ying dui zhao quan yi ben / [Ying] Qiaozhi Aoweier, zhu ; Sheng shi jiao yu xi fang ming zhu fan yi wei yuan hui, yi = Nineteen Eighty-four, animal farm / George Owell.",Dec 2016,2016-12-01
"112",2016,12,"BOOK",7,"Nineteen eighty-four / a novel by George Orwell ; with a foreword by Thomas Pynchon ; with an afterword by Erich Fromm.",Dec 2016,2016-12-01
"113",2016,12,"BOOK",15,"Nineteen eighty-four / George Orwell ; with an introduction by Julian Symonds.",Dec 2016,2016-12-01
"114",2016,12,"BOOK",1,"Nineteen eighty-four [text (large print)] / George Orwell.",Dec 2016,2016-12-01
"115",2017,1,"BOOK",2,"Yi jiu ba si, dong wu zhuang yuan : Zhong Ying dui zhao quan yi ben / [Ying] Qiaozhi Aoweier, zhu ; Sheng shi jiao yu xi fang ming zhu fan yi wei yuan hui, yi = Nineteen Eighty-four, animal farm / George Owell.",Jan 2017,2017-01-01
"116",2017,1,"BOOK",7,"Nineteen eighty-four / a novel by George Orwell ; with a foreword by Thomas Pynchon ; with an afterword by Erich Fromm.",Jan 2017,2017-01-01
"117",2017,1,"BOOK",2,"Nineteen eighty-four [text (large print)] / George Orwell.",Jan 2017,2017-01-01
"118",2017,1,"BOOK",13,"Nineteen eighty-four / George Orwell ; with an introduction by Julian Symonds.",Jan 2017,2017-01-01
"119",2017,2,"BOOK",4,"Nineteen eighty-four : a novel / by George Orwell ; with a foreword by Thomas Pynchon ; with an afterword by Erich Fromm.",Feb 2017,2017-02-01
"120",2017,2,"BOOK",4,"Nineteen eighty-four : a novel / by George Orwell ; with a foreword by Thomas Pynchon ; with an afterword by Erich Fromm.",Feb 2017,2017-02-01
"121",2017,2,"BOOK",12,"Nineteen eighty-four / George Orwell ; with an introduction by Julian Symonds.",Feb 2017,2017-02-01
"122",2017,3,"BOOK",9,"Nineteen eighty-four : a novel / by George Orwell ; with a foreword by Thomas Pynchon ; with an afterword by Erich Fromm.",Mar 2017,2017-03-01
"123",2017,3,"BOOK",17,"Nineteen eighty-four / George Orwell ; with an introduction by Julian Symonds.",Mar 2017,2017-03-01
"124",2017,3,"BOOK",35,"Nineteen eighty-four : a novel / by George Orwell ; with a foreword by Thomas Pynchon ; with an afterword by Erich Fromm.",Mar 2017,2017-03-01
"125",2017,3,"BOOK",2,"Nineteen eighty-four [text (large print)] / George Orwell.",Mar 2017,2017-03-01
"126",2005,4,"BOOK",2,"Nineteen eighty-four / a novel by George Orwell ; with a foreword by Thomas Pynchon ; with an afterword by Erich Fromm.",Apr 2005,2005-04-01
"127",2005,5,"BOOK",1,"Nineteen eighty-four [text (large print)] / George Orwell.",May 2005,2005-05-01
"128",2005,5,"BOOK",8,"Nineteen eighty-four / a novel by George Orwell ; with a foreword by Thomas Pynchon ; with an afterword by Erich Fromm.",May 2005,2005-05-01
"129",2005,6,"BOOK",9,"Nineteen eighty-four / a novel by George Orwell ; with a foreword by Thomas Pynchon ; with an afterword by Erich Fromm.",Jun 2005,2005-06-01
"130",2005,7,"BOOK",9,"Nineteen eighty-four / a novel by George Orwell ; with a foreword by Thomas Pynchon ; with an afterword by Erich Fromm.",Jul 2005,2005-07-01
"131",2005,8,"BOOK",10,"Nineteen eighty-four / a novel by George Orwell ; with a foreword by Thomas Pynchon ; with an afterword by Erich Fromm.",Aug 2005,2005-08-01
"132",2005,8,"BOOK",1,"Nineteen eighty-four [text (large print)] / George Orwell.",Aug 2005,2005-08-01
"133",2005,9,"BOOK",1,"Nineteen eighty-four [text (large print)] / George Orwell.",Sep 2005,2005-09-01
"134",2005,9,"BOOK",14,"Nineteen eighty-four / a novel by George Orwell ; with a foreword by Thomas Pynchon ; with an afterword by Erich Fromm.",Sep 2005,2005-09-01
"135",2005,10,"BOOK",19,"Nineteen eighty-four / a novel by George Orwell ; with a foreword by Thomas Pynchon ; with an afterword by Erich Fromm.",Oct 2005,2005-10-01
"136",2005,11,"BOOK",15,"Nineteen eighty-four / a novel by George Orwell ; with a foreword by Thomas Pynchon ; with an afterword by Erich Fromm.",Nov 2005,2005-11-01
"137",2005,12,"BOOK",12,"Nineteen eighty-four / a novel by George Orwell ; with a foreword by Thomas Pynchon ; with an afterword by Erich Fromm.",Dec 2005,2005-12-01
"138",2006,1,"BOOK",17,"Nineteen eighty-four / a novel by George Orwell ; with a foreword by Thomas Pynchon ; with an afterword by Erich Fromm.",Jan 2006,2006-01-01
"139",2006,2,"BOOK",15,"Nineteen eighty-four / a novel by George Orwell ; with a foreword by Thomas Pynchon ; with an afterword by Erich Fromm.",Feb 2006,2006-02-01
"140",2006,3,"BOOK",22,"Nineteen eighty-four / a novel by George Orwell ; with a foreword by Thomas Pynchon ; with an afterword by Erich Fromm.",Mar 2006,2006-03-01
"141",2006,4,"BOOK",14,"Nineteen eighty-four / a novel by George Orwell ; with a foreword by Thomas Pynchon ; with an afterword by Erich Fromm.",Apr 2006,2006-04-01
"142",2006,5,"BOOK",13,"Nineteen eighty-four / a novel by George Orwell ; with a foreword by Thomas Pynchon ; with an afterword by Erich Fromm.",May 2006,2006-05-01
"143",2006,6,"BOOK",35,"Nineteen eighty-four / a novel by George Orwell ; with a foreword by Thomas Pynchon ; with an afterword by Erich Fromm.",Jun 2006,2006-06-01
"144",2006,7,"BOOK",37,"Nineteen eighty-four / a novel by George Orwell ; with a foreword by Thomas Pynchon ; with an afterword by Erich Fromm.",Jul 2006,2006-07-01
"145",2006,8,"BOOK",25,"Nineteen eighty-four / a novel by George Orwell ; with a foreword by Thomas Pynchon ; with an afterword by Erich Fromm.",Aug 2006,2006-08-01
"146",2006,9,"BOOK",21,"Nineteen eighty-four / a novel by George Orwell ; with a foreword by Thomas Pynchon ; with an afterword by Erich Fromm.",Sep 2006,2006-09-01
"147",2006,10,"BOOK",24,"Nineteen eighty-four / a novel by George Orwell ; with a foreword by Thomas Pynchon ; with an afterword by Erich Fromm.",Oct 2006,2006-10-01
"148",2006,11,"BOOK",15,"Nineteen eighty-four / a novel by George Orwell ; with a foreword by Thomas Pynchon ; with an afterword by Erich Fromm.",Nov 2006,2006-11-01
"149",2006,12,"BOOK",13,"Nineteen eighty-four / a novel by George Orwell ; with a foreword by Thomas Pynchon ; with an afterword by Erich Fromm.",Dec 2006,2006-12-01
"150",2007,1,"BOOK",26,"Nineteen eighty-four / a novel by George Orwell ; with a foreword by Thomas Pynchon ; with an afterword by Erich Fromm.",Jan 2007,2007-01-01
"151",2007,2,"BOOK",13,"Nineteen eighty-four / a novel by George Orwell ; with a foreword by Thomas Pynchon ; with an afterword by Erich Fromm.",Feb 2007,2007-02-01
"152",2007,3,"BOOK",14,"Nineteen eighty-four / a novel by George Orwell ; with a foreword by Thomas Pynchon ; with an afterword by Erich Fromm.",Mar 2007,2007-03-01
"153",2007,4,"BOOK",19,"Nineteen eighty-four / a novel by George Orwell ; with a foreword by Thomas Pynchon ; with an afterword by Erich Fromm.",Apr 2007,2007-04-01
"154",2007,5,"BOOK",15,"Nineteen eighty-four / a novel by George Orwell ; with a foreword by Thomas Pynchon ; with an afterword by Erich Fromm.",May 2007,2007-05-01
"155",2007,6,"BOOK",15,"Nineteen eighty-four / a novel by George Orwell ; with a foreword by Thomas Pynchon ; with an afterword by Erich Fromm.",Jun 2007,2007-06-01
"156",2007,7,"BOOK",25,"Nineteen eighty-four / a novel by George Orwell ; with a foreword by Thomas Pynchon ; with an afterword by Erich Fromm.",Jul 2007,2007-07-01
"157",2007,7,"BOOK",2,"Nineteen eighty-four / George Orwell ; with an introduction by Julian Symonds.",Jul 2007,2007-07-01
"158",2007,8,"BOOK",17,"Nineteen eighty-four / a novel by George Orwell ; with a foreword by Thomas Pynchon ; with an afterword by Erich Fromm.",Aug 2007,2007-08-01
"159",2007,8,"BOOK",9,"Nineteen eighty-four / George Orwell ; with an introduction by Julian Symonds.",Aug 2007,2007-08-01
"160",2007,9,"BOOK",23,"Nineteen eighty-four / a novel by George Orwell ; with a foreword by Thomas Pynchon ; with an afterword by Erich Fromm.",Sep 2007,2007-09-01
"161",2007,9,"BOOK",6,"Nineteen eighty-four / George Orwell ; with an introduction by Julian Symonds.",Sep 2007,2007-09-01
"162",2007,10,"BOOK",16,"Nineteen eighty-four / a novel by George Orwell ; with a foreword by Thomas Pynchon ; with an afterword by Erich Fromm.",Oct 2007,2007-10-01
"163",2007,10,"BOOK",6,"Nineteen eighty-four / George Orwell ; with an introduction by Julian Symonds.",Oct 2007,2007-10-01
"164",2007,11,"BOOK",3,"Nineteen eighty-four / George Orwell ; with an introduction by Julian Symonds.",Nov 2007,2007-11-01
"165",2007,11,"BOOK",20,"Nineteen eighty-four / a novel by George Orwell ; with a foreword by Thomas Pynchon ; with an afterword by Erich Fromm.",Nov 2007,2007-11-01
"166",2007,11,"BOOK",1,"Nineteen eighty-four [text (large print)] / George Orwell.",Nov 2007,2007-11-01
"167",2007,12,"BOOK",4,"Nineteen eighty-four / George Orwell ; with an introduction by Julian Symonds.",Dec 2007,2007-12-01
"168",2007,12,"BOOK",13,"Nineteen eighty-four / a novel by George Orwell ; with a foreword by Thomas Pynchon ; with an afterword by Erich Fromm.",Dec 2007,2007-12-01
"169",2008,1,"BOOK",19,"Nineteen eighty-four / a novel by George Orwell ; with a foreword by Thomas Pynchon ; with an afterword by Erich Fromm.",Jan 2008,2008-01-01
"170",2008,1,"BOOK",3,"Nineteen eighty-four / George Orwell ; with an introduction by Julian Symonds.",Jan 2008,2008-01-01
"171",2008,2,"BOOK",5,"Nineteen eighty-four / George Orwell ; with an introduction by Julian Symonds.",Feb 2008,2008-02-01
"172",2008,2,"BOOK",14,"Nineteen eighty-four / a novel by George Orwell ; with a foreword by Thomas Pynchon ; with an afterword by Erich Fromm.",Feb 2008,2008-02-01
"173",2008,3,"BOOK",16,"Nineteen eighty-four / a novel by George Orwell ; with a foreword by Thomas Pynchon ; with an afterword by Erich Fromm.",Mar 2008,2008-03-01
"174",2008,4,"BOOK",14,"Nineteen eighty-four / a novel by George Orwell ; with a foreword by Thomas Pynchon ; with an afterword by Erich Fromm.",Apr 2008,2008-04-01
"175",2008,4,"BOOK",2,"Nineteen eighty-four / George Orwell ; with an introduction by Julian Symonds.",Apr 2008,2008-04-01
"176",2008,5,"BOOK",14,"Nineteen eighty-four / a novel by George Orwell ; with a foreword by Thomas Pynchon ; with an afterword by Erich Fromm.",May 2008,2008-05-01
"177",2008,5,"BOOK",3,"Nineteen eighty-four / George Orwell ; with an introduction by Julian Symonds.",May 2008,2008-05-01
"178",2008,6,"BOOK",19,"Nineteen eighty-four / a novel by George Orwell ; with a foreword by Thomas Pynchon ; with an afterword by Erich Fromm.",Jun 2008,2008-06-01
"179",2008,6,"BOOK",4,"Nineteen eighty-four / George Orwell ; with an introduction by Julian Symonds.",Jun 2008,2008-06-01
"180",2008,7,"BOOK",11,"Nineteen eighty-four / George Orwell ; with an introduction by Julian Symonds.",Jul 2008,2008-07-01
"181",2008,7,"BOOK",23,"Nineteen eighty-four / a novel by George Orwell ; with a foreword by Thomas Pynchon ; with an afterword by Erich Fromm.",Jul 2008,2008-07-01
"182",2008,7,"BOOK",2,"Nineteen eighty-four [text (large print)] / George Orwell.",Jul 2008,2008-07-01
"183",2008,8,"BOOK",11,"Nineteen eighty-four / George Orwell ; with an introduction by Julian Symonds.",Aug 2008,2008-08-01
"184",2008,8,"BOOK",22,"Nineteen eighty-four / a novel by George Orwell ; with a foreword by Thomas Pynchon ; with an afterword by Erich Fromm.",Aug 2008,2008-08-01
"185",2008,9,"BOOK",14,"Nineteen eighty-four / George Orwell ; with an introduction by Julian Symonds.",Sep 2008,2008-09-01
"186",2008,9,"BOOK",18,"Nineteen eighty-four / a novel by George Orwell ; with a foreword by Thomas Pynchon ; with an afterword by Erich Fromm.",Sep 2008,2008-09-01
"187",2008,10,"BOOK",16,"Nineteen eighty-four / a novel by George Orwell ; with a foreword by Thomas Pynchon ; with an afterword by Erich Fromm.",Oct 2008,2008-10-01
"188",2008,10,"BOOK",11,"Nineteen eighty-four / George Orwell ; with an introduction by Julian Symonds.",Oct 2008,2008-10-01
"189",2008,11,"BOOK",9,"Nineteen eighty-four / George Orwell ; with an introduction by Julian Symonds.",Nov 2008,2008-11-01
"190",2008,11,"BOOK",20,"Nineteen eighty-four / a novel by George Orwell ; with a foreword by Thomas Pynchon ; with an afterword by Erich Fromm.",Nov 2008,2008-11-01
"191",2008,12,"BOOK",13,"Nineteen eighty-four / a novel by George Orwell ; with a foreword by Thomas Pynchon ; with an afterword by Erich Fromm.",Dec 2008,2008-12-01
"192",2008,12,"BOOK",10,"Nineteen eighty-four / George Orwell ; with an introduction by Julian Symonds.",Dec 2008,2008-12-01
"193",2009,1,"BOOK",14,"Nineteen eighty-four / a novel by George Orwell ; with a foreword by Thomas Pynchon ; with an afterword by Erich Fromm.",Jan 2009,2009-01-01
"194",2009,1,"BOOK",10,"Nineteen eighty-four / George Orwell ; with an introduction by Julian Symonds.",Jan 2009,2009-01-01
"195",2009,2,"BOOK",11,"Nineteen eighty-four / George Orwell ; with an introduction by Julian Symonds.",Feb 2009,2009-02-01
"196",2009,2,"BOOK",15,"Nineteen eighty-four / a novel by George Orwell ; with a foreword by Thomas Pynchon ; with an afterword by Erich Fromm.",Feb 2009,2009-02-01
"197",2009,3,"BOOK",1,"Nineteen eighty-four [text (large print)] / George Orwell.",Mar 2009,2009-03-01
"198",2009,3,"BOOK",9,"Nineteen eighty-four / George Orwell ; with an introduction by Julian Symonds.",Mar 2009,2009-03-01
"199",2009,3,"BOOK",9,"Nineteen eighty-four / a novel by George Orwell ; with a foreword by Thomas Pynchon ; with an afterword by Erich Fromm.",Mar 2009,2009-03-01
"200",2009,4,"BOOK",19,"Nineteen eighty-four / a novel by George Orwell ; with a foreword by Thomas Pynchon ; with an afterword by Erich Fromm.",Apr 2009,2009-04-01
"201",2009,4,"BOOK",14,"Nineteen eighty-four / George Orwell ; with an introduction by Julian Symonds.",Apr 2009,2009-04-01
"202",2009,5,"BOOK",15,"Nineteen eighty-four / a novel by George Orwell ; with a foreword by Thomas Pynchon ; with an afterword by Erich Fromm.",May 2009,2009-05-01
"203",2009,5,"BOOK",7,"Nineteen eighty-four / George Orwell ; with an introduction by Julian Symonds.",May 2009,2009-05-01
"204",2009,6,"BOOK",24,"Nineteen eighty-four / a novel by George Orwell ; with a foreword by Thomas Pynchon ; with an afterword by Erich Fromm.",Jun 2009,2009-06-01
"205",2009,6,"BOOK",17,"Nineteen eighty-four / George Orwell ; with an introduction by Julian Symonds.",Jun 2009,2009-06-01
"206",2009,7,"BOOK",20,"Nineteen eighty-four / a novel by George Orwell ; with a foreword by Thomas Pynchon ; with an afterword by Erich Fromm.",Jul 2009,2009-07-01
"207",2009,7,"BOOK",13,"Nineteen eighty-four / George Orwell ; with an introduction by Julian Symonds.",Jul 2009,2009-07-01
"208",2009,8,"BOOK",19,"Nineteen eighty-four / a novel by George Orwell ; with a foreword by Thomas Pynchon ; with an afterword by Erich Fromm.",Aug 2009,2009-08-01
"209",2009,8,"BOOK",11,"Nineteen eighty-four / George Orwell ; with an introduction by Julian Symonds.",Aug 2009,2009-08-01
"210",2009,9,"BOOK",16,"Nineteen eighty-four / a novel by George Orwell ; with a foreword by Thomas Pynchon ; with an afterword by Erich Fromm.",Sep 2009,2009-09-01
"211",2009,9,"BOOK",7,"Nineteen eighty-four / George Orwell ; with an introduction by Julian Symonds.",Sep 2009,2009-09-01
"212",2009,10,"BOOK",13,"Nineteen eighty-four / George Orwell ; with an introduction by Julian Symonds.",Oct 2009,2009-10-01
"213",2009,10,"BOOK",20,"Nineteen eighty-four / a novel by George Orwell ; with a foreword by Thomas Pynchon ; with an afterword by Erich Fromm.",Oct 2009,2009-10-01
"214",2009,11,"BOOK",14,"Nineteen eighty-four / George Orwell ; with an introduction by Julian Symonds.",Nov 2009,2009-11-01
"215",2009,11,"BOOK",12,"Nineteen eighty-four / a novel by George Orwell ; with a foreword by Thomas Pynchon ; with an afterword by Erich Fromm.",Nov 2009,2009-11-01
"216",2009,12,"BOOK",14,"Nineteen eighty-four / a novel by George Orwell ; with a foreword by Thomas Pynchon ; with an afterword by Erich Fromm.",Dec 2009,2009-12-01
"217",2009,12,"BOOK",10,"Nineteen eighty-four / George Orwell ; with an introduction by Julian Symonds.",Dec 2009,2009-12-01
"218",2010,1,"BOOK",7,"Nineteen eighty-four / George Orwell ; with an introduction by Julian Symonds.",Jan 2010,2010-01-01
"219",2010,1,"BOOK",10,"Nineteen eighty-four / a novel by George Orwell ; with a foreword by Thomas Pynchon ; with an afterword by Erich Fromm.",Jan 2010,2010-01-01
"220",2010,2,"BOOK",1,"Nineteen eighty-four [text (large print)] / George Orwell.",Feb 2010,2010-02-01
"221",2010,2,"BOOK",8,"Nineteen eighty-four / George Orwell ; with an introduction by Julian Symonds.",Feb 2010,2010-02-01
"222",2010,2,"BOOK",8,"Nineteen eighty-four / a novel by George Orwell ; with a foreword by Thomas Pynchon ; with an afterword by Erich Fromm.",Feb 2010,2010-02-01
"223",2010,3,"BOOK",12,"Nineteen eighty-four / George Orwell ; with an introduction by Julian Symonds.",Mar 2010,2010-03-01
"224",2010,3,"BOOK",16,"Nineteen eighty-four / a novel by George Orwell ; with a foreword by Thomas Pynchon ; with an afterword by Erich Fromm.",Mar 2010,2010-03-01
"225",2010,4,"BOOK",12,"Nineteen eighty-four / a novel by George Orwell ; with a foreword by Thomas Pynchon ; with an afterword by Erich Fromm.",Apr 2010,2010-04-01
"226",2010,4,"BOOK",3,"Nineteen eighty-four / George Orwell ; with an introduction by Julian Symonds.",Apr 2010,2010-04-01
"227",2010,5,"BOOK",11,"Nineteen eighty-four / a novel by George Orwell ; with a foreword by Thomas Pynchon ; with an afterword by Erich Fromm.",May 2010,2010-05-01
"228",2010,5,"BOOK",7,"Nineteen eighty-four / George Orwell ; with an introduction by Julian Symonds.",May 2010,2010-05-01
"229",2010,6,"BOOK",12,"Nineteen eighty-four / George Orwell ; with an introduction by Julian Symonds.",Jun 2010,2010-06-01
"230",2010,6,"BOOK",11,"Nineteen eighty-four / a novel by George Orwell ; with a foreword by Thomas Pynchon ; with an afterword by Erich Fromm.",Jun 2010,2010-06-01
"231",2010,7,"BOOK",13,"Nineteen eighty-four / a novel by George Orwell ; with a foreword by Thomas Pynchon ; with an afterword by Erich Fromm.",Jul 2010,2010-07-01
"232",2010,7,"BOOK",5,"Nineteen eighty-four / George Orwell ; with an introduction by Julian Symonds.",Jul 2010,2010-07-01
"233",2010,8,"BOOK",12,"Nineteen eighty-four / George Orwell ; with an introduction by Julian Symonds.",Aug 2010,2010-08-01
"234",2010,8,"BOOK",29,"Nineteen eighty-four / a novel by George Orwell ; with a foreword by Thomas Pynchon ; with an afterword by Erich Fromm.",Aug 2010,2010-08-01
"235",2010,9,"BOOK",18,"Nineteen eighty-four / a novel by George Orwell ; with a foreword by Thomas Pynchon ; with an afterword by Erich Fromm.",Sep 2010,2010-09-01
"236",2010,9,"BOOK",9,"Nineteen eighty-four / George Orwell ; with an introduction by Julian Symonds.",Sep 2010,2010-09-01
"237",2010,10,"BOOK",8,"Nineteen eighty-four / George Orwell ; with an introduction by Julian Symonds.",Oct 2010,2010-10-01
"238",2010,10,"BOOK",19,"Nineteen eighty-four / a novel by George Orwell ; with a foreword by Thomas Pynchon ; with an afterword by Erich Fromm.",Oct 2010,2010-10-01
"239",2010,11,"BOOK",9,"Nineteen eighty-four / George Orwell ; with an introduction by Julian Symonds.",Nov 2010,2010-11-01
"240",2010,11,"BOOK",24,"Nineteen eighty-four / a novel by George Orwell ; with a foreword by Thomas Pynchon ; with an afterword by Erich Fromm.",Nov 2010,2010-11-01
"241",2010,12,"BOOK",26,"Nineteen eighty-four / a novel by George Orwell ; with a foreword by Thomas Pynchon ; with an afterword by Erich Fromm.",Dec 2010,2010-12-01
"242",2010,12,"BOOK",1,"Nineteen eighty-four [text (large print)] / George Orwell.",Dec 2010,2010-12-01
"243",2010,12,"BOOK",9,"Nineteen eighty-four / George Orwell ; with an introduction by Julian Symonds.",Dec 2010,2010-12-01
"244",2011,1,"BOOK",5,"Nineteen eighty-four / George Orwell ; with an introduction by Julian Symonds.",Jan 2011,2011-01-01
"245",2011,1,"BOOK",21,"Nineteen eighty-four / a novel by George Orwell ; with a foreword by Thomas Pynchon ; with an afterword by Erich Fromm.",Jan 2011,2011-01-01
"246",2011,1,"BOOK",1,"Nineteen eighty-four [text (large print)] / George Orwell.",Jan 2011,2011-01-01
"247",2011,2,"BOOK",16,"Nineteen eighty-four / a novel by George Orwell ; with a foreword by Thomas Pynchon ; with an afterword by Erich Fromm.",Feb 2011,2011-02-01
"248",2011,2,"BOOK",10,"Nineteen eighty-four / George Orwell ; with an introduction by Julian Symonds.",Feb 2011,2011-02-01
"249",2011,3,"BOOK",4,"Nineteen eighty-four / George Orwell ; with an introduction by Julian Symonds.",Mar 2011,2011-03-01
"250",2011,3,"BOOK",15,"Nineteen eighty-four / a novel by George Orwell ; with a foreword by Thomas Pynchon ; with an afterword by Erich Fromm.",Mar 2011,2011-03-01
"251",2011,4,"BOOK",11,"Nineteen eighty-four / George Orwell ; with an introduction by Julian Symonds.",Apr 2011,2011-04-01
"252",2011,4,"BOOK",20,"Nineteen eighty-four / a novel by George Orwell ; with a foreword by Thomas Pynchon ; with an afterword by Erich Fromm.",Apr 2011,2011-04-01
"253",2011,5,"BOOK",16,"Nineteen eighty-four / a novel by George Orwell ; with a foreword by Thomas Pynchon ; with an afterword by Erich Fromm.",May 2011,2011-05-01
"254",2011,5,"BOOK",3,"Nineteen eighty-four / George Orwell ; with an introduction by Julian Symonds.",May 2011,2011-05-01
"255",2011,6,"BOOK",7,"Nineteen eighty-four / a novel by George Orwell ; with a foreword by Thomas Pynchon ; with an afterword by Erich Fromm.",Jun 2011,2011-06-01
"256",2011,6,"BOOK",9,"Nineteen eighty-four / George Orwell ; with an introduction by Julian Symonds.",Jun 2011,2011-06-01
"257",2011,7,"BOOK",8,"Nineteen eighty-four / George Orwell ; with an introduction by Julian Symonds.",Jul 2011,2011-07-01
"258",2011,7,"BOOK",18,"Nineteen eighty-four / a novel by George Orwell ; with a foreword by Thomas Pynchon ; with an afterword by Erich Fromm.",Jul 2011,2011-07-01
"259",2011,8,"BOOK",7,"Nineteen eighty-four / George Orwell ; with an introduction by Julian Symonds.",Aug 2011,2011-08-01
"260",2011,8,"BOOK",16,"Nineteen eighty-four / a novel by George Orwell ; with a foreword by Thomas Pynchon ; with an afterword by Erich Fromm.",Aug 2011,2011-08-01
"261",2011,9,"BOOK",9,"Nineteen eighty-four / a novel by George Orwell ; with a foreword by Thomas Pynchon ; with an afterword by Erich Fromm.",Sep 2011,2011-09-01
"262",2011,9,"BOOK",5,"Nineteen eighty-four / George Orwell ; with an introduction by Julian Symonds.",Sep 2011,2011-09-01
"263",2011,10,"BOOK",15,"Nineteen eighty-four / a novel by George Orwell ; with a foreword by Thomas Pynchon ; with an afterword by Erich Fromm.",Oct 2011,2011-10-01
"264",2011,10,"BOOK",6,"Nineteen eighty-four / George Orwell ; with an introduction by Julian Symonds.",Oct 2011,2011-10-01
"265",2011,11,"BOOK",7,"Nineteen eighty-four / George Orwell ; with an introduction by Julian Symonds.",Nov 2011,2011-11-01
"266",2011,11,"BOOK",13,"Nineteen eighty-four / a novel by George Orwell ; with a foreword by Thomas Pynchon ; with an afterword by Erich Fromm.",Nov 2011,2011-11-01
"267",2011,12,"BOOK",12,"Nineteen eighty-four / a novel by George Orwell ; with a foreword by Thomas Pynchon ; with an afterword by Erich Fromm.",Dec 2011,2011-12-01
"268",2011,12,"BOOK",4,"Nineteen eighty-four / George Orwell ; with an introduction by Julian Symonds.",Dec 2011,2011-12-01
"269",2012,1,"BOOK",4,"Nineteen eighty-four / a novel by George Orwell ; with a foreword by Thomas Pynchon ; with an afterword by Erich Fromm.",Jan 2012,2012-01-01
"270",2012,1,"BOOK",5,"Nineteen eighty-four / George Orwell ; with an introduction by Julian Symonds.",Jan 2012,2012-01-01
"271",2012,2,"BOOK",15,"Nineteen eighty-four / a novel by George Orwell ; with a foreword by Thomas Pynchon ; with an afterword by Erich Fromm.",Feb 2012,2012-02-01
"272",2012,2,"BOOK",7,"Nineteen eighty-four / George Orwell ; with an introduction by Julian Symonds.",Feb 2012,2012-02-01
"273",2012,3,"BOOK",1,"Nineteen eighty-four [text (large print)] / George Orwell.",Mar 2012,2012-03-01
"274",2012,3,"BOOK",16,"Nineteen eighty-four / a novel by George Orwell ; with a foreword by Thomas Pynchon ; with an afterword by Erich Fromm.",Mar 2012,2012-03-01
"275",2012,3,"BOOK",9,"Nineteen eighty-four / George Orwell ; with an introduction by Julian Symonds.",Mar 2012,2012-03-01
"276",2012,4,"BOOK",7,"Nineteen eighty-four / George Orwell ; with an introduction by Julian Symonds.",Apr 2012,2012-04-01
"277",2012,4,"BOOK",14,"Nineteen eighty-four / a novel by George Orwell ; with a foreword by Thomas Pynchon ; with an afterword by Erich Fromm.",Apr 2012,2012-04-01
"278",2012,5,"BOOK",11,"Nineteen eighty-four / a novel by George Orwell ; with a foreword by Thomas Pynchon ; with an afterword by Erich Fromm.",May 2012,2012-05-01
"279",2012,5,"BOOK",5,"Nineteen eighty-four / George Orwell ; with an introduction by Julian Symonds.",May 2012,2012-05-01
"280",2012,6,"BOOK",10,"Nineteen eighty-four / a novel by George Orwell ; with a foreword by Thomas Pynchon ; with an afterword by Erich Fromm.",Jun 2012,2012-06-01
"281",2012,6,"BOOK",1,"Nineteen eighty-four [text (large print)] / George Orwell.",Jun 2012,2012-06-01
"282",2012,6,"BOOK",6,"Nineteen eighty-four / George Orwell ; with an introduction by Julian Symonds.",Jun 2012,2012-06-01
"283",2012,7,"BOOK",16,"Nineteen eighty-four / a novel by George Orwell ; with a foreword by Thomas Pynchon ; with an afterword by Erich Fromm.",Jul 2012,2012-07-01
"284",2012,7,"BOOK",6,"Nineteen eighty-four / George Orwell ; with an introduction by Julian Symonds.",Jul 2012,2012-07-01
"285",2012,8,"BOOK",11,"Nineteen eighty-four / a novel by George Orwell ; with a foreword by Thomas Pynchon ; with an afterword by Erich Fromm.",Aug 2012,2012-08-01
"286",2012,8,"BOOK",9,"Nineteen eighty-four / George Orwell ; with an introduction by Julian Symonds.",Aug 2012,2012-08-01
"287",2012,9,"BOOK",5,"Nineteen eighty-four / George Orwell ; with an introduction by Julian Symonds.",Sep 2012,2012-09-01
"288",2012,9,"BOOK",15,"Nineteen eighty-four / a novel by George Orwell ; with a foreword by Thomas Pynchon ; with an afterword by Erich Fromm.",Sep 2012,2012-09-01
"289",2012,10,"BOOK",11,"Nineteen eighty-four / George Orwell ; with an introduction by Julian Symonds.",Oct 2012,2012-10-01
"290",2012,10,"BOOK",10,"Nineteen eighty-four / a novel by George Orwell ; with a foreword by Thomas Pynchon ; with an afterword by Erich Fromm.",Oct 2012,2012-10-01
"291",2012,11,"BOOK",5,"Nineteen eighty-four / George Orwell ; with an introduction by Julian Symonds.",Nov 2012,2012-11-01
"292",2012,11,"BOOK",1,"Nineteen eighty-four [text (large print)] / George Orwell.",Nov 2012,2012-11-01
"293",2012,11,"BOOK",12,"Nineteen eighty-four / a novel by George Orwell ; with a foreword by Thomas Pynchon ; with an afterword by Erich Fromm.",Nov 2012,2012-11-01
"294",2012,12,"BOOK",20,"Nineteen eighty-four / a novel by George Orwell ; with a foreword by Thomas Pynchon ; with an afterword by Erich Fromm.",Dec 2012,2012-12-01
"295",2012,12,"BOOK",1,"Nineteen eighty-four / George Orwell ; with an introduction by Julian Symonds.",Dec 2012,2012-12-01
"296",2013,1,"BOOK",13,"Nineteen eighty-four / a novel by George Orwell ; with a foreword by Thomas Pynchon ; with an afterword by Erich Fromm.",Jan 2013,2013-01-01
"297",2013,1,"BOOK",5,"Nineteen eighty-four / George Orwell ; with an introduction by Julian Symonds.",Jan 2013,2013-01-01
"298",2013,2,"BOOK",18,"Nineteen eighty-four / a novel by George Orwell ; with a foreword by Thomas Pynchon ; with an afterword by Erich Fromm.",Feb 2013,2013-02-01
